model_times,model_recall
0.026746,0.718608
0.028434,0.795531
0.028945,0.869524
0.030168,0.889487
0.030936,0.902674
0.033502,0.915348
0.038511,0.931099
0.043988,0.993040
0.044172,0.999560
