model_times,model_recall
0.466554,0.147179
0.476023,0.204762
0.529970,0.241282
0.630616,0.266996
0.683083,0.304835
0.993582,0.475678
1.510854,0.628571
2.013292,0.815238
2.014134,0.960879
