model_times,model_recall
0.432834,0.283846
0.607482,0.316227
0.633831,0.362381
0.785669,0.373919
0.816619,0.398352
1.526299,0.543516
1.726119,0.748498
1.842396,0.880916
1.842529,0.969231
