model_times,model_recall
0.025802,0.697582
0.028103,0.732527
0.028451,0.760147
0.030426,0.763187
0.031063,0.777546
0.041374,0.821538
0.044454,0.948681
0.044579,0.981685
0.044697,0.988755
