model_times,model_recall
0.348919,0.159780
0.372904,0.213407
0.425907,0.247839
0.487407,0.278498
0.529989,0.313333
0.818405,0.482711
1.271723,0.626593
1.496562,0.823480
1.496675,0.965275
