model_times,model_recall
0.026499,0.765238
0.028420,0.810440
0.028890,0.893626
0.030307,0.915201
0.031102,0.936740
0.032243,0.950806
0.033443,0.957802
0.042300,0.977875
0.043683,0.999487
