model_times,model_recall
0.024834,0.722564
0.026273,0.791026
0.026724,0.863040
0.027703,0.884432
0.028394,0.901905
0.029253,0.914286
0.032410,0.926264
0.038685,0.994249
0.038843,0.999341
