model_times,model_recall
0.025722,0.723993
0.028078,0.750000
0.028326,0.795788
0.030630,0.799927
0.030934,0.812637
0.042368,0.858315
0.044195,0.971209
0.044280,0.987839
0.044416,0.995055
