model_times,model_recall
0.454649,0.764652
0.598389,0.825678
0.635677,0.892821
0.715997,0.904982
0.756264,0.921868
1.017886,0.948352
1.384625,0.971099
1.808975,0.992051
1.968352,0.999524
