model_times,model_recall
0.025738,0.716447
0.028078,0.748425
0.028369,0.788938
0.030462,0.792308
0.030990,0.803077
0.040681,0.855055
0.044354,0.961062
0.044465,0.985165
0.044584,0.995458
