model_times,model_recall
0.025807,0.634176
0.027484,0.704835
0.028180,0.763626
0.029486,0.782454
0.030332,0.802015
0.036601,0.846886
0.041422,0.915311
0.044413,0.956264
0.044574,0.989853
