model_times,model_recall
0.417675,0.149744
0.427643,0.206813
0.479850,0.241465
0.560185,0.268901
0.616500,0.303370
0.891829,0.474359
1.356676,0.633443
1.802388,0.823333
1.803545,0.962198
