model_times,model_recall
0.038280,0.692454
0.039440,0.796777
0.042690,0.916117
0.045181,0.952711
0.050743,0.979963
0.083764,0.998462
0.115822,0.999670
0.166975,1.000000
0.207491,1.000000
