model_times,model_recall
0.042324,0.674029
0.043716,0.769048
0.047569,0.883810
0.050840,0.925861
0.057567,0.972711
0.100424,0.998498
0.143671,0.999560
0.219460,1.000000
0.262673,1.000000
