model_times,model_recall
0.036540,0.691685
0.037468,0.786923
0.040323,0.915751
0.042586,0.952601
0.047676,0.980989
0.081544,0.999011
0.117717,0.999707
0.176794,1.000000
0.213346,1.000000
