model_times,model_recall
0.036830,0.690989
0.037829,0.793114
0.040806,0.920842
0.043191,0.952564
0.048672,0.980403
0.082225,0.998571
0.116405,0.999744
0.171803,1.000000
0.209620,1.000000
