model_times,model_recall
0.039254,0.712381
0.040398,0.806923
0.043683,0.921832
0.046313,0.955604
0.051842,0.981978
0.086392,0.998718
0.121961,0.999707
0.181460,0.999963
0.219752,1.000000
