model_times,model_recall
0.037721,0.690147
0.038825,0.790330
0.042054,0.912967
0.044616,0.950403
0.050239,0.978901
0.083867,0.998718
0.116980,0.999634
0.168313,0.999963
0.205313,1.000000
