model_times,model_recall
0.035956,0.689707
0.037021,0.783223
0.040045,0.902601
0.042628,0.944982
0.047636,0.977802
0.079556,0.998791
0.111317,0.999670
0.162872,0.999927
0.202502,0.999963
