model_times,model_recall
0.041761,0.698205
0.043122,0.792527
0.047032,0.907875
0.050288,0.942015
0.056888,0.981978
0.100078,0.998791
0.142633,0.999744
0.217927,1.000000
0.262510,1.000000
