model_times,model_recall
0.039314,0.679780
0.040510,0.765128
0.043786,0.885568
0.046479,0.928462
0.052438,0.968205
0.087188,0.998388
0.119604,0.999524
0.171730,1.000000
0.210210,1.000000
