model_times,model_recall
0.037042,0.663883
0.038147,0.753700
0.041501,0.884066
0.044154,0.931392
0.049684,0.975678
0.084697,0.998718
0.118904,0.999634
0.173410,0.999963
0.206814,1.000000
