model_times,model_recall
0.022031,0.667033
0.022116,0.806740
0.022198,0.896740
0.022251,0.939780
0.022342,0.970916
0.022832,0.990403
0.023554,0.996923
0.024898,0.999414
0.026312,1.000000
