model_times,model_recall
0.021902,0.659927
0.022014,0.801062
0.022083,0.886557
0.022133,0.927106
0.022207,0.956923
0.022703,0.986667
0.023341,0.994872
0.024484,0.998571
0.025731,0.999963
