model_times,model_recall
0.021879,0.666447
0.021983,0.797253
0.022046,0.881978
0.022092,0.920403
0.022185,0.954652
0.022636,0.985934
0.023284,0.994762
0.024409,0.998791
0.025612,0.999927
