model_times,model_recall
0.021871,0.665678
0.021967,0.799267
0.022025,0.886154
0.022060,0.920513
0.022137,0.955568
0.022622,0.984176
0.023208,0.993736
0.024242,0.998901
0.025431,0.999963
