model_times,model_recall
0.022103,0.662088
0.022210,0.799414
0.022272,0.885348
0.022318,0.922051
0.022392,0.954432
0.022850,0.984689
0.023428,0.993407
0.024790,0.999194
0.026004,1.000000
