model_times,model_recall
0.022121,0.659011
0.022225,0.790586
0.022300,0.886484
0.022351,0.926081
0.022427,0.957582
0.022876,0.984615
0.023573,0.994652
0.024787,0.998828
0.026000,0.999927
