model_times,model_recall
0.021866,0.655421
0.021962,0.785531
0.022029,0.882015
0.022086,0.927179
0.022152,0.959890
0.022586,0.985714
0.023233,0.995897
0.024392,0.998901
0.025812,0.999963
