model_times,model_recall
0.022045,0.652454
0.022161,0.791392
0.022232,0.886227
0.022294,0.925385
0.022394,0.959304
0.022904,0.988718
0.023573,0.996117
0.024723,0.998864
0.026145,0.999963
