model_times,model_recall
0.021917,0.672344
0.021991,0.810513
0.022044,0.895604
0.022100,0.937436
0.022189,0.970366
0.022646,0.991758
0.023372,0.997802
0.024675,0.999597
0.026065,1.000000
