model_times,model_recall
0.022027,0.683883
0.022124,0.819194
0.022188,0.901538
0.022242,0.936190
0.022321,0.965641
0.022863,0.992784
0.023589,0.997839
0.024974,0.999780
0.026328,1.000000
