model_times,model_recall
0.022005,0.676813
0.022098,0.807216
0.022159,0.892234
0.022204,0.926960
0.022276,0.955714
0.022702,0.983004
0.023376,0.994505
0.024536,0.999231
0.025880,1.000000
