model_times,model_recall
0.021957,0.663004
0.022050,0.799560
0.022102,0.881245
0.022143,0.920037
0.022224,0.954652
0.022719,0.984762
0.023319,0.993663
0.024377,0.998791
0.025591,0.999927
