model_times,model_recall
0.022027,0.676593
0.022114,0.810110
0.022184,0.897619
0.022240,0.938681
0.022324,0.969451
0.022780,0.993004
0.023563,0.997546
0.024933,0.999744
0.026202,0.999963
