model_times,model_recall
0.022074,0.656264
0.022161,0.798901
0.022220,0.883993
0.022269,0.919414
0.022333,0.948864
0.022783,0.982527
0.023439,0.993114
0.024550,0.998571
0.025790,0.999670
