model_times,model_recall
0.021895,0.668168
0.021990,0.805751
0.022052,0.888718
0.022105,0.924066
0.022180,0.955385
0.022631,0.986300
0.023286,0.995751
0.024515,0.999451
0.025797,0.999963
