model_times,model_recall
0.021966,0.662418
0.022097,0.794176
0.022171,0.892198
0.022222,0.926484
0.022315,0.957143
0.022809,0.988828
0.023485,0.996484
0.024662,0.999377
0.026025,0.999890
