model_times,model_recall
0.007162,0.293233
0.007975,0.352533
0.008326,0.416300
0.008739,0.453133
0.009065,0.485100
0.009460,0.520900
0.010302,0.573100
0.012781,0.662233
0.014953,0.725633
0.018601,0.822900
0.022244,0.928667
