model_times,model_recall
0.004476,0.385100
0.004665,0.483500
0.004758,0.583033
0.004844,0.644733
0.004940,0.691967
0.005041,0.740000
0.005293,0.822867
0.005797,0.903633
0.006240,0.937233
0.007029,0.968667
0.007994,0.988567
