model_times,model_recall
0.007285,0.287733
0.008115,0.352600
0.008472,0.412700
0.008888,0.450400
0.009216,0.486367
0.009636,0.521867
0.010454,0.578300
0.013018,0.667800
0.015267,0.730033
0.019055,0.827800
0.022675,0.932733
