model_times,model_recall
0.005885,0.376133
0.006294,0.472500
0.006466,0.572033
0.006679,0.632733
0.006859,0.679167
0.007139,0.731400
0.007558,0.789500
0.008598,0.867367
0.009589,0.908400
0.011401,0.951633
0.013130,0.977900
