model_times,model_recall
0.007163,0.313233
0.008015,0.378800
0.008334,0.452067
0.008721,0.496667
0.009055,0.529700
0.009485,0.573233
0.010392,0.637100
0.012914,0.734167
0.015109,0.791100
0.018483,0.868167
0.021961,0.947900
