model_times,model_recall
0.005541,0.366633
0.005909,0.473000
0.006087,0.573433
0.006287,0.645467
0.006460,0.695467
0.006702,0.747667
0.007101,0.805767
0.007909,0.879167
0.008717,0.915367
0.010250,0.951400
0.012090,0.984200
