model_times,model_recall
0.005985,0.371567
0.006059,0.485067
0.006180,0.552067
0.006325,0.607733
0.006435,0.658200
0.006523,0.709667
0.006848,0.797000
0.007510,0.890100
0.008052,0.927067
0.009030,0.963967
0.009919,0.986967
