model_times,model_recall
0.042902,0.197000
0.054114,0.245833
0.087518,0.327733
0.114160,0.369700
0.172254,0.425267
0.495058,0.609267
0.698298,0.720733
0.869421,0.827133
0.959317,0.880900
1.066583,0.939933
1.136553,0.975500
