model_times,model_recall
0.035509,0.187033
0.046644,0.229533
0.081637,0.314267
0.110826,0.354267
0.179763,0.413200
0.539049,0.614100
0.724132,0.724167
0.884447,0.825467
0.960634,0.879167
1.040839,0.936800
1.117555,0.974667
