model_times,model_recall
0.008367,0.251100
0.009554,0.299367
0.010062,0.366933
0.010783,0.411767
0.011621,0.467067
0.021142,0.707833
0.034006,0.817000
0.062632,0.894067
0.098402,0.928400
0.198641,0.960800
0.380415,0.984267
