model_times,model_recall
0.007636,0.297733
0.008790,0.347800
0.009330,0.429833
0.010031,0.478500
0.010628,0.525567
0.017597,0.755900
0.028615,0.860000
0.053236,0.926000
0.085002,0.952633
0.173957,0.978367
0.348659,0.992000
