model_times,model_recall
0.007604,0.290167
0.008841,0.337767
0.009315,0.425600
0.010001,0.477333
0.010648,0.531667
0.017284,0.748533
0.027828,0.855833
0.052067,0.924833
0.082817,0.952333
0.169873,0.975300
0.343415,0.991567
