model_times,model_recall
0.036510,0.197667
0.048126,0.243067
0.083776,0.323833
0.112179,0.363667
0.173890,0.425000
0.501846,0.613533
0.700809,0.724167
0.868013,0.832300
0.946775,0.883933
1.047581,0.936800
1.119444,0.977567
