model_times,model_recall
0.008110,0.234300
0.009326,0.282333
0.009858,0.355300
0.010623,0.398300
0.011518,0.463700
0.021545,0.708567
0.034584,0.810533
0.063891,0.889300
0.100157,0.927033
0.200871,0.959267
0.384782,0.983567
