model_times,model_recall
0.026163,0.698974
0.027013,0.730952
0.027132,0.769524
0.027888,0.774396
0.028092,0.788352
0.032600,0.858059
0.033029,0.966630
0.033112,0.988352
0.033185,0.994762
