model_times,model_recall
0.024657,0.720330
0.024837,0.801648
0.024906,0.873736
0.025052,0.894615
0.025137,0.917473
0.025842,0.945604
0.026606,0.966337
0.026888,0.997473
0.027003,0.999560
