model_times,model_recall
0.196434,0.153810
0.203675,0.208645
0.230388,0.243590
0.266035,0.273956
0.282295,0.311209
0.382017,0.476154
0.541262,0.636484
0.757003,0.831319
0.801555,0.965385
