model_times,model_recall
0.196491,0.285788
0.261737,0.321062
0.266663,0.370916
0.327291,0.387766
0.336947,0.414945
0.622182,0.532857
0.681243,0.748425
0.781812,0.924359
0.781895,0.961136
