model_times,model_recall
0.021512,0.735165
0.021807,0.807656
0.021911,0.882198
0.022082,0.906081
0.022201,0.926410
0.022953,0.952821
0.024231,0.968059
0.024909,0.997839
0.025036,0.999377
