model_times,model_recall
0.021374,0.683040
0.021661,0.757033
0.021766,0.854469
0.021912,0.886264
0.022035,0.915714
0.022767,0.964982
0.023978,0.978205
0.024725,0.997839
0.024836,0.999817
