model_times,model_recall
0.026148,0.688462
0.026981,0.721429
0.027118,0.752711
0.027909,0.756264
0.028089,0.770256
0.031737,0.826630
0.032945,0.944762
0.033034,0.979780
0.033107,0.991429
