model_times,model_recall
0.024604,0.736703
0.024778,0.822564
0.024846,0.895092
0.024931,0.916300
0.025005,0.933333
0.025367,0.957289
0.026254,0.973919
0.026811,0.996960
0.026910,0.999744
