model_times,model_recall
0.194730,0.775641
0.239180,0.840183
0.247810,0.908278
0.270308,0.924762
0.282864,0.937436
0.344172,0.958828
0.447888,0.977216
0.589525,0.992637
0.737193,0.998315
