model_times,model_recall
0.344798,0.329524
0.473000,0.376264
0.492715,0.411795
0.638146,0.417179
0.685455,0.430366
1.274616,0.568315
1.462432,0.805275
1.491874,0.944505
1.491967,0.971282
