model_times,model_recall
0.024479,0.696410
0.024664,0.764286
0.024726,0.852894
0.024806,0.885751
0.024866,0.908938
0.025254,0.957399
0.026033,0.973370
0.026653,0.996777
0.026735,0.999744
