model_times,model_recall
0.021591,0.744103
0.021884,0.823077
0.021995,0.887582
0.022220,0.912088
0.022368,0.929121
0.023434,0.955568
0.024619,0.974908
0.025057,0.997692
0.025170,0.999707
