model_times,model_recall
0.216972,0.155238
0.222837,0.213004
0.250973,0.249341
0.295689,0.275165
0.313009,0.316923
0.426974,0.476044
0.605700,0.637766
0.856362,0.832234
0.908665,0.961648
