model_times,model_recall
0.021474,0.741136
0.021755,0.819011
0.021867,0.882784
0.022072,0.905311
0.022211,0.922491
0.022883,0.940659
0.023970,0.961978
0.024800,0.996154
0.024943,0.999560
