model_times,model_recall
0.021836,0.688132
0.022113,0.775641
0.022240,0.855971
0.022360,0.887619
0.022472,0.910220
0.023252,0.962637
0.024537,0.976520
0.025266,0.998132
0.025372,0.999853
