model_times,model_recall
0.024731,0.675641
0.024904,0.757729
0.024972,0.840403
0.025092,0.866081
0.025170,0.891355
0.025702,0.958828
0.026192,0.985092
0.026873,0.996264
0.026998,0.999963
