model_times,model_recall
0.021497,0.681941
0.021830,0.744322
0.021932,0.820879
0.022112,0.848608
0.022242,0.878388
0.023186,0.942234
0.024256,0.973956
0.024951,0.994103
0.025053,0.999927
