model_times,model_recall
0.022127,0.721502
0.022409,0.806740
0.022529,0.876960
0.022740,0.902747
0.022882,0.922564
0.023616,0.951538
0.024892,0.972711
0.025568,0.997106
0.025695,0.999414
