model_times,model_recall
0.021662,0.710623
0.021938,0.798059
0.022048,0.870440
0.022197,0.898791
0.022313,0.919560
0.023041,0.965824
0.024316,0.980293
0.025106,0.997289
0.025203,0.999817
