model_times,model_recall
0.023049,0.715128
0.024116,0.746374
0.024277,0.787289
0.025341,0.793443
0.025527,0.803077
0.031537,0.868462
0.031857,0.969853
0.031944,0.981245
0.032068,0.993443
