model_times,model_recall
0.021498,0.717143
0.021768,0.797363
0.021886,0.865385
0.022042,0.896190
0.022163,0.914359
0.022810,0.940549
0.023854,0.960623
0.024866,0.997289
0.024984,0.999341
