model_times,model_recall
0.021577,0.684359
0.021851,0.765495
0.021972,0.852747
0.022101,0.889524
0.022198,0.912491
0.023118,0.963700
0.024276,0.978132
0.024998,0.996264
0.025107,0.999487
