model_times,model_recall
0.194005,0.751172
0.275075,0.759304
0.276632,0.789670
0.356841,0.789707
0.358835,0.798315
0.760506,0.863077
0.772595,0.968315
0.772682,0.978535
0.772752,0.992234
