model_times,model_recall
0.017132,0.747875
0.017183,0.836923
0.017198,0.912967
0.017223,0.935971
0.017241,0.955678
0.017346,0.983736
0.017490,0.995165
0.017761,0.999341
0.018031,1.000000
