model_times,model_recall
0.016914,0.754103
0.016967,0.837619
0.016985,0.911465
0.017011,0.938022
0.017030,0.955385
0.017157,0.987949
0.017338,0.996410
0.017639,0.999121
0.017869,0.999927
