model_times,model_recall
0.016220,0.752051
0.016274,0.836447
0.016289,0.912894
0.016316,0.934652
0.016333,0.951319
0.016451,0.984652
0.016615,0.994542
0.016890,0.998315
0.017131,0.999597
