model_times,model_recall
0.016478,0.754066
0.016524,0.842637
0.016538,0.916484
0.016560,0.937729
0.016576,0.951209
0.016673,0.980183
0.016822,0.994432
0.017097,0.998608
0.017345,1.000000
