model_times,model_recall
0.017032,0.740696
0.017082,0.829670
0.017097,0.907399
0.017121,0.933700
0.017137,0.951136
0.017234,0.981245
0.017379,0.993077
0.017665,0.998681
0.017945,1.000000
