model_times,model_recall
0.017749,0.751978
0.017799,0.837363
0.017814,0.909048
0.017840,0.933297
0.017858,0.950476
0.017963,0.979927
0.018115,0.992821
0.018398,0.999304
0.018677,0.999963
