model_times,model_recall
0.030646,0.727912
0.030802,0.831026
0.031014,0.883553
0.031122,0.924469
0.031174,0.941648
0.031555,0.979341
0.032247,0.994359
0.033399,0.998718
0.034018,0.999963
