model_times,model_recall
0.021339,0.745421
0.021459,0.835897
0.021621,0.884249
0.021740,0.922125
0.021803,0.938059
0.022246,0.982198
0.022821,0.993516
0.023715,0.998938
0.024117,1.000000
