model_times,model_recall
0.021346,0.752491
0.021465,0.846557
0.021642,0.891648
0.021740,0.930476
0.021800,0.947436
0.022021,0.973333
0.022586,0.992821
0.023566,0.999048
0.024085,0.999963
