model_times,model_recall
0.021417,0.734212
0.021537,0.830037
0.021729,0.879341
0.021814,0.924139
0.021852,0.947509
0.022119,0.977326
0.022652,0.990989
0.023535,0.998205
0.024121,0.999853
