model_times,model_recall
0.021313,0.725714
0.021436,0.831172
0.021609,0.885421
0.021705,0.927875
0.021761,0.948462
0.022064,0.976703
0.022574,0.993333
0.023335,0.998205
0.023988,0.999963
