model_times,model_recall
0.030124,0.753956
0.030301,0.844615
0.030505,0.896886
0.030635,0.926923
0.030697,0.943663
0.031058,0.977253
0.031744,0.992894
0.032897,0.999158
0.033551,0.999963
