model_times,model_recall
0.021311,0.730733
0.021430,0.826117
0.021578,0.880293
0.021693,0.922308
0.021758,0.942271
0.022023,0.979194
0.022575,0.993260
0.023582,0.998498
0.024063,0.999963
