model_times,model_recall
0.027123,0.374212
0.027137,0.526593
0.027151,0.667546
0.027170,0.763700
0.027199,0.876813
0.027375,0.991978
0.027601,0.997949
0.028118,0.998425
0.028792,0.998645
