model_times,model_recall
0.028099,0.335238
0.028111,0.459780
0.028122,0.533883
0.028130,0.642125
0.028150,0.795861
0.028313,0.987912
0.028542,0.998645
0.029080,0.999524
0.029612,0.999560
