model_times,model_recall
0.025534,0.366520
0.025554,0.495238
0.025573,0.621502
0.025592,0.714689
0.025628,0.857619
0.025877,0.994066
0.026150,0.997912
0.026773,0.998791
0.027546,0.998828
