model_times,model_recall
0.027205,0.344762
0.027222,0.476996
0.027238,0.608095
0.027254,0.708864
0.027279,0.840879
0.027464,0.992088
0.027702,0.997729
0.028240,0.998462
0.028911,0.998974
