model_times,model_recall
0.028085,0.309194
0.028107,0.423223
0.028129,0.570513
0.028147,0.698095
0.028182,0.861758
0.028373,0.992308
0.028579,0.998242
0.029053,0.999194
0.029795,0.999231
