model_times,model_recall
0.027055,0.356484
0.027072,0.497729
0.027088,0.622821
0.027100,0.731612
0.027134,0.880586
0.027322,0.991538
0.027543,0.997802
0.028045,0.998791
0.028721,0.999377
