model_times,model_recall
0.027181,0.355971
0.027198,0.493993
0.027214,0.648278
0.027229,0.738205
0.027253,0.861099
0.027432,0.992381
0.027655,0.997839
0.028169,0.998205
0.028836,0.998462
