model_times,model_recall
0.027054,0.379744
0.027073,0.522821
0.027085,0.650073
0.027099,0.742894
0.027129,0.870586
0.027313,0.992821
0.027537,0.997619
0.028063,0.998462
0.028724,0.998681
