model_times,model_recall
0.027105,0.350147
0.027117,0.518938
0.027134,0.679634
0.027147,0.782711
0.027174,0.894762
0.027365,0.994615
0.027578,0.998242
0.028115,0.998791
0.028742,0.998828
