model_times,model_recall
0.027119,0.369560
0.027134,0.531429
0.027149,0.627839
0.027161,0.711355
0.027184,0.848608
0.027367,0.994066
0.027577,0.999231
0.028096,0.999890
0.028702,0.999927
