model_times,model_recall
0.025222,0.377179
0.025242,0.481795
0.025273,0.622125
0.025293,0.737656
0.025331,0.876300
0.025569,0.992454
0.025864,0.997692
0.026576,0.998278
0.027436,0.998315
