model_times,model_recall
0.035278,0.689634
0.038865,0.728608
0.039975,0.814652
0.044527,0.835055
0.047321,0.856740
0.082119,0.878498
0.108411,0.895275
0.176350,0.949780
0.202403,0.994322
