model_times,model_recall
0.037480,0.669341
0.043310,0.713480
0.044962,0.800147
0.051131,0.820696
0.053987,0.844505
0.109414,0.864505
0.167202,0.891026
0.297864,0.932747
0.363415,0.992784
