model_times,model_recall
0.038800,0.628681
0.043625,0.667912
0.046451,0.748535
0.052014,0.765348
0.058979,0.784615
0.153323,0.800183
0.209206,0.826007
0.306717,0.873150
0.336467,0.993810
