model_times,model_recall
0.044320,0.634615
0.058285,0.653993
0.060210,0.698828
0.074626,0.704725
0.076828,0.715824
0.147335,0.751062
0.204539,0.801941
0.226797,0.847253
0.237041,0.981319
