model_times,model_recall
0.048861,0.616007
0.059346,0.641282
0.061862,0.711465
0.070633,0.723040
0.080447,0.736996
0.139895,0.750073
0.215095,0.764908
0.652994,0.818205
0.841361,0.989744
