model_times,model_recall
0.036315,0.676410
0.039495,0.722234
0.040471,0.829670
0.042682,0.858352
0.044289,0.887692
0.059034,0.926557
0.080039,0.947070
0.135437,0.972894
0.177533,0.990733
