model_times,model_recall
0.086039,0.495751
0.126191,0.506154
0.234366,0.521062
0.304625,0.526923
0.439591,0.541392
1.472724,0.825788
1.502955,0.905971
1.513828,0.943773
1.524240,0.978352
