model_times,model_recall
0.092343,0.504762
0.130445,0.509707
0.238508,0.526081
0.277529,0.532088
0.289406,0.532711
1.094574,0.610147
1.500329,0.892601
1.513091,0.933443
1.523695,0.977875
