model_times,model_recall
0.043668,0.664139
0.051900,0.667692
0.055782,0.780220
0.069798,0.782381
0.083342,0.811099
0.162348,0.838938
0.201106,0.864249
0.225407,0.905531
0.248813,0.956374
