model_times,model_recall
0.037585,0.640769
0.042602,0.680476
0.045945,0.757582
0.050974,0.773114
0.055700,0.786740
0.109156,0.802125
0.167284,0.820769
0.265999,0.876557
0.291000,0.992747
