model_times,model_recall
0.116941,0.502894
0.154511,0.506996
0.270992,0.520147
0.354872,0.526777
0.646968,0.551062
1.500690,0.893626
1.504121,0.907070
1.512302,0.941355
1.523169,0.978498
