model_times,model_recall
0.041079,0.753260
0.048484,0.786300
0.050772,0.881758
0.053530,0.898022
0.055950,0.919560
0.061742,0.934542
0.066891,0.943297
0.121396,0.961136
0.184573,0.993223
