model_times,model_recall
0.039322,0.731429
0.041750,0.774286
0.043003,0.872088
0.045193,0.888278
0.046880,0.922088
0.057189,0.939194
0.074369,0.955678
0.120553,0.975165
0.160228,0.984139
