model_times,model_recall
0.033735,0.775751
0.038611,0.777436
0.038738,0.880586
0.045863,0.881099
0.046711,0.908425
0.056367,0.914982
0.060717,0.929560
0.071191,0.945201
0.086402,0.978791
