model_times,model_recall
0.044149,0.651355
0.054146,0.668974
0.058058,0.743333
0.074081,0.754249
0.093853,0.775385
0.277502,0.814359
0.347682,0.841685
0.387859,0.891319
0.401165,0.975861
