model_times,model_recall
0.042424,0.687216
0.056615,0.695824
0.058884,0.755092
0.075457,0.757949
0.082026,0.767546
0.132810,0.796996
0.144351,0.830256
0.160368,0.892857
0.178551,0.951172
