model_times,model_recall
0.024407,0.718022
0.024581,0.802271
0.024654,0.871868
0.024779,0.896886
0.024854,0.923040
0.025293,0.950659
0.026123,0.971538
0.026588,0.996886
0.026676,0.999597
