model_times,model_recall
0.026032,0.707289
0.026850,0.746667
0.027002,0.785495
0.027678,0.791612
0.027933,0.801832
0.032228,0.869121
0.032871,0.969304
0.032951,0.985421
0.033029,0.997985
