model_times,model_recall
0.021892,0.734029
0.022186,0.812344
0.022289,0.882308
0.022447,0.901978
0.022579,0.921099
0.023263,0.944066
0.024684,0.966484
0.025291,0.995531
0.025414,0.999597
