model_times,model_recall
0.021690,0.727399
0.021981,0.808462
0.022085,0.884029
0.022253,0.910256
0.022418,0.930073
0.023236,0.954396
0.024370,0.973407
0.025093,0.997546
0.025217,0.999780
