model_times,model_recall
0.021682,0.678022
0.021964,0.757875
0.022081,0.843883
0.022199,0.879011
0.022311,0.911099
0.023036,0.965201
0.024203,0.978278
0.025133,0.997656
0.025246,0.999524
