model_times,model_recall
0.194083,0.157912
0.200514,0.211575
0.229934,0.240513
0.264583,0.268938
0.281672,0.304396
0.384564,0.467326
0.549093,0.639634
0.781847,0.834212
0.820152,0.964908
