model_times,model_recall
0.219701,0.769634
0.271511,0.836337
0.282126,0.906703
0.308155,0.923993
0.322350,0.939194
0.401345,0.961941
0.515774,0.976630
0.678604,0.991978
0.845415,0.998315
