model_times,model_recall
0.021401,0.737509
0.021681,0.817253
0.021786,0.883040
0.022000,0.903956
0.022130,0.922747
0.022864,0.953810
0.024057,0.971136
0.024778,0.997692
0.024887,0.999414
