model_times,model_recall
0.195408,0.754139
0.275650,0.761722
0.277722,0.787363
0.357426,0.787363
0.359942,0.793663
0.677498,0.831209
0.772116,0.963993
0.772211,0.978974
0.772302,0.993260
