model_times,model_recall
0.021626,0.734469
0.021918,0.815201
0.022023,0.885128
0.022152,0.905495
0.022353,0.922527
0.023239,0.953040
0.024291,0.967802
0.025104,0.997070
0.025226,0.999377
