model_times,model_recall
0.026090,0.644799
0.026820,0.698974
0.027014,0.748278
0.027567,0.771099
0.027894,0.782271
0.031979,0.863443
0.033143,0.930037
0.033192,0.973626
0.033299,0.987106
