model_times,model_recall
0.021858,0.694139
0.022123,0.773297
0.022247,0.851355
0.022372,0.884799
0.022459,0.905128
0.023255,0.957289
0.024716,0.972527
0.025326,0.997729
0.025431,0.999634
