model_times,model_recall
0.026033,0.617546
0.026579,0.693553
0.026851,0.762967
0.027218,0.787106
0.027637,0.809963
0.030552,0.881172
0.032124,0.925458
0.033134,0.976484
0.033234,0.992711
