model_times,model_recall
0.327562,0.750769
0.476720,0.759524
0.479404,0.776667
0.611584,0.777106
0.631703,0.783187
1.308437,0.845421
1.394650,0.966264
1.394762,0.982088
1.394888,0.994652
