model_times,model_recall
0.024551,0.713810
0.024744,0.785824
0.024804,0.864212
0.024889,0.893590
0.024973,0.915604
0.025353,0.955348
0.026280,0.970183
0.026735,0.996960
0.026828,0.999707
