model_times,model_recall
0.026068,0.639707
0.026894,0.669524
0.027011,0.705971
0.027806,0.712234
0.027971,0.722711
0.032842,0.835018
0.032979,0.934689
0.033061,0.969341
0.033137,0.989451
