model_times,model_recall
0.217201,0.775897
0.267933,0.841941
0.277817,0.906923
0.305375,0.923333
0.319837,0.937363
0.391802,0.959744
0.497984,0.975934
0.655176,0.991392
0.852652,0.999267
