model_times,model_recall
0.016181,0.743993
0.016229,0.831319
0.016243,0.906630
0.016266,0.930586
0.016283,0.950440
0.016394,0.985128
0.016536,0.994249
0.016812,0.998608
0.017072,0.999853
