model_times,model_recall
0.017008,0.766227
0.017061,0.848059
0.017079,0.921099
0.017106,0.943223
0.017125,0.960513
0.017245,0.988168
0.017434,0.996264
0.017753,0.999084
0.017972,0.999744
