model_times,model_recall
0.016838,0.743150
0.016893,0.824652
0.016911,0.905531
0.016939,0.935092
0.016959,0.951575
0.017068,0.979194
0.017236,0.991648
0.017522,0.997839
0.017782,0.999084
