model_times,model_recall
0.016058,0.765018
0.016110,0.848132
0.016126,0.919341
0.016150,0.943150
0.016169,0.958059
0.016283,0.986777
0.016459,0.994872
0.016775,0.998425
0.016984,0.999451
