model_times,model_recall
0.017253,0.748498
0.017308,0.833077
0.017325,0.909267
0.017352,0.934615
0.017369,0.953223
0.017483,0.983626
0.017646,0.992711
0.017920,0.997216
0.018174,0.999084
