model_times,model_recall
0.016966,0.752527
0.017016,0.836996
0.017032,0.911099
0.017054,0.934615
0.017074,0.950037
0.017177,0.982821
0.017334,0.994359
0.017620,0.998425
0.017880,0.999927
