model_times,model_recall
0.016992,0.755604
0.017036,0.845568
0.017051,0.916117
0.017074,0.942454
0.017091,0.956520
0.017185,0.983516
0.017347,0.994396
0.017611,0.999267
0.017863,0.999963
