model_times,model_recall
0.016086,0.753626
0.016136,0.835275
0.016150,0.907216
0.016175,0.930476
0.016190,0.948718
0.016294,0.982015
0.016431,0.992894
0.016694,0.999048
0.016955,0.999963
