model_times,model_recall
0.016028,0.766081
0.016080,0.854396
0.016097,0.921209
0.016125,0.945531
0.016143,0.961502
0.016255,0.986703
0.016456,0.996374
0.016753,0.998791
0.016948,0.999744
