model_times,model_recall
0.016019,0.755971
0.016074,0.834945
0.016088,0.911062
0.016115,0.934908
0.016132,0.951941
0.016242,0.982527
0.016399,0.992930
0.016672,0.997509
0.016920,0.999304
