model_times,model_recall
0.034308,0.790659
0.041370,0.847033
0.043765,0.917985
0.049008,0.940586
0.052259,0.958901
0.057598,0.966484
0.061972,0.970513
0.071707,0.979084
0.075223,0.998645
