model_times,model_recall
0.037425,0.698791
0.045835,0.750110
0.048935,0.804066
0.054292,0.818205
0.058751,0.836886
0.063191,0.841832
0.069144,0.850073
0.082383,0.933516
0.083418,0.998388
