model_times,model_recall
0.047162,0.617179
0.067741,0.659158
0.089686,0.682601
0.109290,0.688242
0.119339,0.706264
0.129439,0.776117
0.132718,0.901319
0.133674,0.973736
0.134348,0.989377
