model_times,model_recall
0.044715,0.604029
0.062216,0.657839
0.066956,0.708462
0.080005,0.720440
0.086513,0.735128
0.123006,0.782051
0.132051,0.871062
0.132388,0.956630
0.133465,0.993150
