model_times,model_recall
0.045772,0.599231
0.062468,0.647949
0.067261,0.704103
0.081178,0.723700
0.090349,0.740549
0.131102,0.800659
0.133729,0.885055
0.134331,0.976667
0.135146,0.996667
