model_times,model_recall
0.034605,0.724176
0.042823,0.755641
0.044548,0.841282
0.050854,0.864579
0.053902,0.896960
0.058993,0.915385
0.065853,0.943480
0.075140,0.975238
0.076055,0.997985
