model_times,model_recall
1.071695,0.098864
1.734462,0.132857
3.010941,0.183553
4.034317,0.214652
4.352838,0.299121
4.353053,0.579597
4.353321,0.732564
4.353855,0.893077
4.354391,0.976337
