model_times,model_recall
0.037109,0.713187
0.048260,0.763297
0.051075,0.820696
0.059170,0.837509
0.063792,0.852491
0.069733,0.859890
0.075100,0.864396
0.085173,0.900147
0.094110,0.997509
