model_times,model_recall
0.034439,0.780916
0.041662,0.842344
0.044031,0.911282
0.049468,0.931502
0.052859,0.946520
0.056917,0.955421
0.060600,0.961612
0.071378,0.979560
0.075521,0.997802
