model_times,model_recall
1.042580,0.672125
1.874418,0.704982
2.890973,0.740623
3.732454,0.758681
4.282879,0.804982
4.477208,0.906740
4.477428,0.950916
4.477917,0.992601
4.478498,0.999158
