model_times,model_recall
1.054577,0.686960
1.856842,0.712454
2.413190,0.753407
3.034979,0.778864
3.657242,0.824689
4.353230,0.908901
4.442900,0.949377
4.446166,0.991136
4.446693,0.998755
