model_times,model_recall
1.966110,0.100476
3.221749,0.135788
5.542440,0.182967
7.364728,0.214066
8.061370,0.298462
8.061647,0.580476
8.061989,0.735458
8.062668,0.896264
8.063338,0.979414
