model_times,model_recall
0.035805,0.847912
0.045125,0.867179
0.046802,0.941429
0.054867,0.943516
0.057627,0.964139
0.064798,0.965861
0.068571,0.970879
0.075100,0.973700
0.079263,0.978022
