model_times,model_recall
0.047617,0.620183
0.066992,0.657619
0.077251,0.684029
0.100314,0.698718
0.121274,0.714066
0.131260,0.811245
0.132767,0.921429
0.133236,0.972308
0.134197,0.987216
