model_times,model_recall
0.036466,0.695934
0.045364,0.744396
0.047645,0.801392
0.053653,0.817436
0.057578,0.832711
0.063033,0.842161
0.067664,0.847985
0.076509,0.888278
0.081347,0.998718
