model_times,model_recall
0.045553,0.568388
0.062926,0.616996
0.067959,0.673223
0.081385,0.692821
0.091422,0.710952
0.129968,0.809524
0.133766,0.891209
0.134432,0.976117
0.135083,0.995495
