model_times,model_recall
0.035499,0.820330
0.044325,0.856557
0.046331,0.925458
0.052767,0.935275
0.055765,0.949524
0.062128,0.955824
0.065087,0.960842
0.070002,0.964212
0.078827,0.984359
