model_times,model_recall
0.035618,0.775897
0.044550,0.811319
0.045727,0.893553
0.052818,0.914872
0.055434,0.935128
0.061189,0.943700
0.065418,0.950403
0.076213,0.971832
0.078759,0.998608
