model_times,model_recall
0.045366,0.607985
0.064182,0.645128
0.067768,0.696227
0.084015,0.706557
0.089528,0.724799
0.125564,0.768462
0.132831,0.892930
0.133659,0.972198
0.134459,0.994139
