model_times,model_recall
0.037339,0.710586
0.047830,0.761319
0.051596,0.815531
0.058793,0.827619
0.064002,0.848132
0.070728,0.853919
0.077383,0.860842
0.092350,0.900366
0.094401,0.998791
