model_times,model_recall
0.022976,0.650220
0.023869,0.756337
0.024735,0.830806
0.025508,0.856740
0.026843,0.876667
0.029257,0.931026
0.029569,0.980586
0.030271,0.996007
0.031036,0.998828
