model_times,model_recall
0.025322,0.636190
0.025891,0.743919
0.026458,0.820220
0.027037,0.850769
0.028130,0.876630
0.029724,0.932125
0.029969,0.981465
0.030514,0.996777
0.031090,0.999414
