model_times,model_recall
0.022932,0.628242
0.023780,0.741392
0.024520,0.810769
0.025179,0.838498
0.026525,0.867363
0.029255,0.926740
0.029577,0.982051
0.030246,0.995604
0.031050,0.999487
