model_times,model_recall
0.025190,0.608205
0.025632,0.722308
0.026050,0.814725
0.026509,0.860476
0.027435,0.901722
0.029482,0.946484
0.029781,0.984908
0.030310,0.996117
0.030818,0.998828
