model_times,model_recall
0.034121,0.574799
0.040524,0.639487
0.049646,0.683846
0.055151,0.698425
0.059964,0.717546
0.066191,0.832637
0.066435,0.913590
0.066975,0.975018
0.067409,0.989670
