model_times,model_recall
0.025208,0.608095
0.025704,0.732308
0.026290,0.811392
0.026847,0.842637
0.028098,0.874652
0.029665,0.936996
0.029921,0.978535
0.030463,0.995824
0.030966,0.998755
