model_times,model_recall
0.023033,0.639451
0.023926,0.750659
0.024804,0.821795
0.025598,0.851429
0.027175,0.876007
0.029524,0.934139
0.029837,0.980513
0.030492,0.996227
0.031206,0.998791
