model_times,model_recall
0.032750,0.587839
0.039052,0.633956
0.048235,0.668205
0.056816,0.687912
0.062666,0.709487
0.063139,0.848535
0.063386,0.943810
0.063922,0.963883
0.064537,0.987839
