model_times,model_recall
0.033772,0.564066
0.037921,0.650696
0.044050,0.718901
0.048699,0.748278
0.054285,0.770256
0.062615,0.849853
0.066654,0.906557
0.067241,0.963919
0.068001,0.991026
