model_times,model_recall
5.409415,0.020842
5.409425,0.038974
5.409438,0.076227
5.409452,0.113956
5.409483,0.190586
5.409705,0.500183
5.409981,0.684872
5.410531,0.880879
5.411076,0.976190
