model_times,model_recall
0.033103,0.590879
0.039143,0.644762
0.046767,0.679341
0.055025,0.698315
0.061326,0.720000
0.062840,0.832198
0.063050,0.935238
0.063425,0.972894
0.063892,0.991209
