model_times,model_recall
0.025281,0.604615
0.025743,0.704615
0.026097,0.777399
0.026530,0.819707
0.027215,0.860879
0.029322,0.951245
0.029912,0.981612
0.030454,0.997729
0.031111,0.999963
