model_times,model_recall
0.022937,0.605348
0.023659,0.695458
0.023982,0.789084
0.024316,0.839084
0.024987,0.897326
0.028049,0.974762
0.029580,0.990110
0.030384,0.998462
0.030946,0.999963
