model_times,model_recall
0.033514,0.560696
0.040260,0.598242
0.049142,0.628462
0.057011,0.650733
0.062582,0.674945
0.065229,0.807875
0.065481,0.906227
0.066050,0.957619
0.066472,0.980549
