model_times,model_recall
0.033018,0.593773
0.039279,0.655275
0.050081,0.690549
0.058245,0.704066
0.063225,0.722051
0.063784,0.853480
0.064043,0.949890
0.064590,0.976923
0.065176,0.990989
