model_times,model_recall
0.022796,0.602125
0.023436,0.724176
0.024077,0.825897
0.024631,0.870659
0.025984,0.906337
0.029104,0.947582
0.029453,0.984799
0.030113,0.997912
0.030795,0.999927
