model_times,model_recall
1.360470,0.691538
2.251360,0.746557
2.884389,0.794469
3.322331,0.814066
3.732209,0.842454
4.582243,0.910549
5.067510,0.950293
5.589698,0.985055
5.825676,0.996154
