model_times,model_recall
0.025177,0.622857
0.025753,0.730733
0.026256,0.805714
0.026743,0.838022
0.027845,0.870037
0.029671,0.929524
0.029921,0.980806
0.030469,0.995531
0.031064,0.998974
