model_times,model_recall
0.025310,0.640110
0.025871,0.752930
0.026685,0.828571
0.027354,0.858242
0.028372,0.878278
0.029811,0.937912
0.030069,0.983370
0.030598,0.996044
0.031142,0.999121
