model_times,model_recall
0.033126,0.678242
0.034648,0.698388
0.045809,0.716447
0.058495,0.723370
0.128678,0.737546
0.242446,0.983919
0.245581,0.986667
0.253404,0.991136
0.262000,0.996850
