model_times,model_recall
0.077328,0.519084
0.119397,0.536593
0.300433,0.585788
0.574065,0.634982
0.640899,0.822674
0.643353,0.908938
0.646257,0.924982
0.653395,0.955201
0.661250,0.985531
