model_times,model_recall
0.081322,0.506300
0.110141,0.515971
0.272167,0.563993
0.553181,0.613297
0.638366,0.812821
0.641522,0.892381
0.644179,0.907253
0.650607,0.942821
0.659479,0.983919
