model_times,model_recall
0.022788,0.626227
0.023297,0.663919
0.023609,0.767656
0.024222,0.804139
0.025157,0.851905
0.037992,0.942894
0.053452,0.969194
0.068779,0.989744
0.072531,0.999963
