model_times,model_recall
0.072435,0.440952
0.109654,0.471062
0.303081,0.509780
0.508788,0.561172
0.612439,0.715714
0.673416,0.843040
0.676940,0.877766
0.683198,0.924945
0.692398,0.974469
