model_times,model_recall
0.030498,0.689341
0.034065,0.714725
0.046661,0.732454
0.062578,0.736960
0.138983,0.757033
0.247083,0.983919
0.251376,0.987289
0.261307,0.992564
0.271342,0.997802
