model_times,model_recall
0.029440,0.666960
0.032081,0.731136
0.045386,0.782674
0.062103,0.790293
0.096548,0.798718
0.247724,0.981795
0.255271,0.993553
0.263134,0.995641
0.271833,0.998571
