model_times,model_recall
0.030203,0.668864
0.033203,0.692234
0.052445,0.712491
0.072845,0.720220
0.133824,0.733077
0.247964,0.981392
0.253402,0.984982
0.264158,0.991136
0.273270,0.996484
