model_times,model_recall
3.359484,0.622857
4.302968,0.640623
8.229798,0.665568
11.654002,0.677949
20.184583,0.704212
47.973643,0.941502
53.917373,0.989048
54.813589,0.997143
54.820953,0.999487
