model_times,model_recall
0.032974,0.666117
0.034857,0.739451
0.045189,0.787326
0.059492,0.793150
0.107937,0.800842
0.239077,0.985751
0.244010,0.993370
0.251909,0.997399
0.257506,0.998901
