model_times,model_recall
0.033442,0.666337
0.035847,0.701209
0.045382,0.725714
0.052485,0.729377
0.098465,0.740769
0.241648,0.982161
0.244990,0.986337
0.252956,0.991538
0.260427,0.997473
