model_times,model_recall
0.027770,0.602308
0.028218,0.648388
0.028493,0.744176
0.029066,0.781429
0.030454,0.831941
0.052235,0.933260
0.077843,0.965641
0.096454,0.996484
0.100122,1.000000
