model_times,model_recall
0.033632,0.668864
0.036774,0.698388
0.048330,0.719267
0.064079,0.729927
0.121969,0.744139
0.241609,0.980733
0.244595,0.985604
0.251723,0.993077
0.260076,0.997436
