model_times,model_recall
0.065989,0.467619
0.096178,0.522344
0.240844,0.568095
0.406418,0.601868
0.519182,0.723297
0.681717,0.874469
0.685848,0.931502
0.691305,0.957399
0.698315,0.981795
