model_times,model_recall
0.079481,0.499377
0.114312,0.512674
0.342655,0.563040
0.598273,0.622930
0.642646,0.819780
0.644917,0.894799
0.648346,0.914945
0.657167,0.947106
0.663900,0.981392
