model_times,model_recall
0.074428,0.396081
0.115290,0.421062
0.288895,0.460989
0.518760,0.506777
0.633207,0.705421
0.668458,0.849158
0.672254,0.867473
0.679475,0.934725
0.685249,0.972967
