model_times,model_recall
0.033039,0.667875
0.035220,0.694212
0.046249,0.720586
0.055280,0.727216
0.110357,0.738571
0.242671,0.979377
0.245907,0.984359
0.253263,0.991575
0.261234,0.998205
