model_times,model_recall
0.027216,0.743114
0.029389,0.777729
0.029727,0.866410
0.031518,0.881941
0.032142,0.908059
0.033857,0.924396
0.037097,0.950073
0.044924,0.974505
0.045712,0.999560
