model_times,model_recall
0.024363,0.728608
0.025990,0.751209
0.026217,0.861612
0.027553,0.879194
0.027993,0.914029
0.029258,0.928242
0.031880,0.957399
0.037076,0.984249
0.037664,0.999780
