model_times,model_recall
0.024264,0.718828
0.025872,0.756410
0.026063,0.863040
0.027395,0.876630
0.027810,0.906960
0.029091,0.917949
0.031397,0.945421
0.037044,0.981465
0.037370,0.999597
