model_times,model_recall
0.025737,0.640220
0.027879,0.686264
0.028364,0.739487
0.030185,0.752674
0.030910,0.762418
0.040131,0.817216
0.044277,0.905348
0.044451,0.964249
0.044559,0.992674
