model_times,model_recall
0.027058,0.765275
0.028915,0.815092
0.029433,0.900769
0.030932,0.926081
0.031753,0.944359
0.033107,0.952271
0.036183,0.960073
0.043114,0.975421
0.044820,0.999927
