model_times,model_recall
0.332718,0.755348
0.484628,0.760879
0.487522,0.795201
0.638630,0.795568
0.642535,0.812601
1.312684,0.847473
1.427689,0.961795
1.427787,0.986593
1.427886,0.996667
