model_times,model_recall
0.024345,0.731319
0.025611,0.806117
0.026069,0.870330
0.026971,0.888791
0.027510,0.903260
0.028755,0.917656
0.032027,0.931026
0.037355,0.992344
0.037495,0.999451
