model_times,model_recall
0.025846,0.657692
0.027944,0.709048
0.028443,0.759597
0.030353,0.768755
0.031009,0.781245
0.038510,0.825824
0.044541,0.923773
0.044676,0.970403
0.044769,0.992784
