model_times,model_recall
0.025731,0.614615
0.027735,0.664799
0.028266,0.744286
0.029547,0.778388
0.030452,0.803223
0.038060,0.855495
0.043220,0.923223
0.044342,0.972161
0.044457,0.992747
