model_times,model_recall
0.397098,0.752271
0.573562,0.755421
0.576333,0.778315
0.820183,0.778974
0.825734,0.784432
1.838394,0.843663
1.871358,0.958608
1.871481,0.984029
1.871580,0.995495
