model_times,model_recall
0.425256,0.772015
0.558789,0.829780
0.597285,0.894432
0.668467,0.907143
0.711117,0.922967
0.956276,0.950000
1.293172,0.970330
1.692496,0.989670
1.839408,0.999487
