model_times,model_recall
0.024392,0.736447
0.025672,0.808791
0.026094,0.877106
0.026744,0.896264
0.027353,0.910733
0.028584,0.928022
0.033277,0.946117
0.037576,0.995788
0.037713,0.999451
