model_times,model_recall
0.346730,0.766630
0.458217,0.828974
0.476869,0.904322
0.535101,0.918791
0.567350,0.930073
0.735227,0.949744
0.943950,0.970952
1.228029,0.988608
1.452995,0.998498
