model_times,model_recall
0.025769,0.695568
0.028087,0.724689
0.028381,0.764725
0.030632,0.768535
0.031014,0.777766
0.036329,0.806081
0.044288,0.933223
0.044409,0.981905
0.044509,0.992857
