model_times,model_recall
0.329888,0.166007
0.350050,0.225092
0.395674,0.258205
0.457278,0.287326
0.496725,0.324945
0.757474,0.486410
1.177717,0.633590
1.391908,0.827875
1.392020,0.961978
