model_times,model_recall
0.418529,0.769377
0.561036,0.828168
0.582927,0.899963
0.658102,0.915311
0.691983,0.926337
0.877922,0.947949
1.083012,0.966886
1.316724,0.987729
1.617892,0.998205
