model_times,model_recall
0.027069,0.748242
0.029024,0.811722
0.029506,0.883150
0.030682,0.899414
0.031758,0.914835
0.032936,0.923553
0.036297,0.932051
0.044556,0.958755
0.045057,0.998901
