model_times,model_recall
0.027871,0.721062
0.029757,0.769487
0.030322,0.865311
0.031839,0.888132
0.032655,0.914652
0.035066,0.939414
0.039050,0.963333
0.046210,0.982930
0.046949,0.999744
