model_times,model_recall
0.025165,0.725421
0.026519,0.806996
0.027047,0.869487
0.028043,0.892125
0.028814,0.907546
0.029753,0.916703
0.031612,0.927546
0.039025,0.971538
0.039233,0.998901
