model_times,model_recall
0.019629,0.816740
0.019967,0.895531
0.021023,0.961905
0.021826,0.978974
0.023500,0.990879
0.034401,0.998498
0.046213,0.999231
0.068719,0.999597
0.083961,0.999744
