model_times,model_recall
0.021998,0.808168
0.022298,0.879158
0.023119,0.940806
0.023778,0.956813
0.025330,0.973736
0.038228,0.994176
0.050595,0.997546
0.070035,0.999487
0.084658,0.999853
