model_times,model_recall
0.019162,0.804799
0.019316,0.870476
0.019724,0.936227
0.020093,0.954249
0.020966,0.973553
0.028685,0.995714
0.037430,0.998571
0.052978,0.999670
0.066605,1.000000
