model_times,model_recall
0.028576,0.810220
0.029459,0.872564
0.031731,0.935201
0.033465,0.952234
0.038512,0.971978
0.084057,0.994615
0.136036,0.998571
0.226190,0.999890
0.302728,1.000000
