model_times,model_recall
0.024296,0.807143
0.024494,0.873516
0.024988,0.933956
0.025397,0.955238
0.026396,0.973883
0.035947,0.995824
0.046374,0.998205
0.064207,0.999560
0.079688,0.999890
