model_times,model_recall
0.019338,0.809341
0.019501,0.874908
0.019928,0.937106
0.020278,0.954542
0.021220,0.973480
0.029697,0.995604
0.039016,0.998828
0.054981,0.999780
0.068722,1.000000
