model_times,model_recall
0.019529,0.804322
0.019688,0.873260
0.020126,0.935165
0.020484,0.953370
0.021398,0.972125
0.029293,0.995165
0.038579,0.998425
0.054233,0.999341
0.067688,0.999963
