model_times,model_recall
0.020882,0.808828
0.021069,0.876593
0.021559,0.936667
0.021983,0.955604
0.022942,0.972234
0.030812,0.994762
0.039960,0.998168
0.057067,0.999963
0.072690,1.000000
