model_times,model_recall
0.025735,0.810806
0.025894,0.869853
0.026369,0.932857
0.026790,0.954725
0.027776,0.973004
0.036506,0.994359
0.046852,0.998095
0.065225,0.999670
0.080952,0.999927
