model_times,model_recall
0.022748,0.816410
0.023056,0.880110
0.023885,0.939927
0.024563,0.955604
0.026075,0.972637
0.037521,0.992857
0.049227,0.996667
0.068619,0.999121
0.083194,0.999927
