model_times,model_recall
0.029751,0.806667
0.030572,0.869670
0.032706,0.931355
0.034492,0.953077
0.038449,0.972051
0.075058,0.994982
0.118884,0.998059
0.198632,0.999890
0.270158,1.000000
