model_times,model_recall
0.024030,0.816520
0.024369,0.878388
0.025215,0.942491
0.025911,0.958059
0.027533,0.974103
0.039278,0.993223
0.051789,0.997106
0.072087,0.999267
0.086767,0.999963
