model_times,model_recall
0.019614,0.816227
0.019898,0.883663
0.020688,0.943590
0.021330,0.960513
0.022693,0.975055
0.032535,0.994322
0.043445,0.997216
0.061592,0.999048
0.075992,0.999853
