model_times,model_recall
0.023820,0.813846
0.024794,0.878315
0.027178,0.938718
0.029102,0.955348
0.033104,0.972930
0.061507,0.993077
0.092827,0.997509
0.143504,0.999414
0.183239,0.999927
