model_times,model_recall
0.019230,0.813004
0.019372,0.873810
0.019795,0.935421
0.020138,0.955348
0.021023,0.973883
0.028952,0.994689
0.037946,0.998608
0.053690,0.999670
0.066979,0.999963
