model_times,model_recall
0.023148,0.809780
0.023967,0.889267
0.026154,0.962308
0.027742,0.979121
0.031088,0.990110
0.051686,0.998315
0.074450,0.999121
0.117423,0.999707
0.146997,1.000000
