model_times,model_recall
0.019356,0.814432
0.019708,0.893846
0.020618,0.963260
0.021352,0.978571
0.022967,0.989414
0.033244,0.998462
0.044592,0.999451
0.065345,0.999853
0.080315,0.999963
