model_times,model_recall
0.021467,0.816484
0.021841,0.896593
0.022837,0.963810
0.023650,0.979158
0.025364,0.989853
0.036495,0.997949
0.049030,0.999231
0.072460,0.999487
0.088647,0.999817
