model_times,model_recall
0.019577,0.812674
0.019905,0.899048
0.020867,0.963553
0.021608,0.978168
0.023241,0.988901
0.033910,0.997949
0.045712,0.999048
0.067634,0.999817
0.082836,1.000000
