model_times,model_recall
0.024554,0.816996
0.024740,0.873773
0.025241,0.935495
0.025655,0.953553
0.026691,0.973077
0.035207,0.994579
0.045342,0.997985
0.063717,0.999853
0.079939,1.000000
