model_times,model_recall
0.006208,0.362233
0.006751,0.465133
0.006965,0.571500
0.007242,0.635267
0.007446,0.684933
0.007796,0.736067
0.008196,0.786433
0.009060,0.860967
0.009904,0.902633
0.011632,0.951033
0.014151,0.978600
