model_times,model_recall
0.004738,0.387967
0.005009,0.480333
0.005121,0.583633
0.005248,0.644833
0.005360,0.692433
0.005494,0.739233
0.005845,0.822833
0.006543,0.904567
0.007179,0.938367
0.008295,0.968033
0.009640,0.989767
