model_times,model_recall
0.030342,0.745128
0.030512,0.842527
0.030740,0.894176
0.030860,0.925678
0.030928,0.942564
0.031283,0.978132
0.031957,0.993736
0.033202,0.999194
0.033910,0.999963
