model_times,model_recall
0.030154,0.726667
0.030305,0.832161
0.030507,0.881795
0.030633,0.923846
0.030684,0.947253
0.031042,0.978828
0.031680,0.991758
0.032986,0.999011
0.033509,0.999780
