model_times,model_recall
0.030373,0.720696
0.030555,0.828681
0.030759,0.886923
0.030873,0.926117
0.030927,0.948278
0.031262,0.979084
0.031852,0.994212
0.032964,0.999121
0.033739,0.999927
