model_times,model_recall
0.030104,0.719560
0.030209,0.835897
0.030417,0.881062
0.030564,0.924615
0.030618,0.945861
0.030994,0.977949
0.031841,0.995348
0.033089,0.999231
0.033488,1.000000
