model_times,model_recall
0.030279,0.714725
0.030433,0.825201
0.030666,0.879451
0.030781,0.927546
0.030829,0.948242
0.031165,0.975165
0.031787,0.993516
0.032969,0.999084
0.033669,0.999780
