model_times,model_recall
0.030800,0.750916
0.030948,0.847399
0.031182,0.888022
0.031313,0.921832
0.031380,0.940586
0.031743,0.979744
0.032447,0.993333
0.033671,0.998901
0.034277,0.999927
