model_times,model_recall
0.031241,0.738571
0.031387,0.838059
0.031599,0.881612
0.031783,0.917546
0.031864,0.942711
0.032296,0.979670
0.033028,0.994212
0.034366,0.998645
0.034903,0.999963
